{
  "resourceType": "CodeSystem",
  "id": "reason-medication-given-codes",
  "meta": {
    "lastUpdated": "2019-11-01T09:29:23.356+11:00",
    "profile": [
      "http://hl7.org/fhir/StructureDefinition/shareablecodesystem"
    ]
  },
  "text": {
    "status": "generated",
    "div": "\u003cdiv xmlns\u003d\"http://www.w3.org/1999/xhtml\"\u003e\u003ch2\u003eReason Medication Given Codes\u003c/h2\u003e\u003cdiv\u003e\u003cp\u003eThis value set is provided as an example. The value set to instantiate this attribute should be drawn from a robust terminology code system that consists of or contains concepts to support the medication process.\u003c/p\u003e\n\u003c/div\u003e\u003cp\u003eThis code system http://terminology.hl7.org/CodeSystem/reason-medication-given defines the following codes:\u003c/p\u003e\u003ctable class\u003d\"codes\"\u003e\u003ctr\u003e\u003ctd style\u003d\"white-space:nowrap\"\u003e\u003cb\u003eCode\u003c/b\u003e\u003c/td\u003e\u003ctd\u003e\u003cb\u003eDisplay\u003c/b\u003e\u003c/td\u003e\u003ctd\u003e\u003cb\u003eDefinition\u003c/b\u003e\u003c/td\u003e\u003c/tr\u003e\u003ctr\u003e\u003ctd style\u003d\"white-space:nowrap\"\u003ea\u003ca name\u003d\"reason-medication-given-codes-a\"\u003e \u003c/a\u003e\u003c/td\u003e\u003ctd\u003eNone\u003c/td\u003e\u003ctd\u003eNo reason known.\u003c/td\u003e\u003c/tr\u003e\u003ctr\u003e\u003ctd style\u003d\"white-space:nowrap\"\u003eb\u003ca name\u003d\"reason-medication-given-codes-b\"\u003e \u003c/a\u003e\u003c/td\u003e\u003ctd\u003eGiven as Ordered\u003c/td\u003e\u003ctd\u003eThe administration was following an ordered protocol.\u003c/td\u003e\u003c/tr\u003e\u003ctr\u003e\u003ctd style\u003d\"white-space:nowrap\"\u003ec\u003ca name\u003d\"reason-medication-given-codes-c\"\u003e \u003c/a\u003e\u003c/td\u003e\u003ctd\u003eEmergency\u003c/td\u003e\u003ctd\u003eThe administration was needed to treat an emergency.\u003c/td\u003e\u003c/tr\u003e\u003c/table\u003e\u003c/div\u003e"
  },
  "extension": [
    {
      "url": "http://hl7.org/fhir/StructureDefinition/structuredefinition-wg",
      "valueCode": "phx"
    },
    {
      "url": "http://hl7.org/fhir/StructureDefinition/structuredefinition-standards-status",
      "valueCode": "draft"
    },
    {
      "url": "http://hl7.org/fhir/StructureDefinition/structuredefinition-fmm",
      "valueInteger": 1
    }
  ],
  "url": "http://terminology.hl7.org/CodeSystem/reason-medication-given",
  "identifier": [
    {
      "system": "urn:ietf:rfc:3986",
      "value": "urn:oid:2.16.840.1.113883.4.642.4.1110"
    }
  ],
  "version": "4.0.1",
  "name": "ReasonMedicationGivenCodes",
  "title": "Reason Medication Given Codes",
  "status": "draft",
  "experimental": false,
  "publisher": "FHIR Project team",
  "contact": [
    {
      "telecom": [
        {
          "system": "url",
          "value": "http://hl7.org/fhir"
        }
      ]
    }
  ],
  "description": "This value set is provided as an example. The value set to instantiate this attribute should be drawn from a robust terminology code system that consists of or contains concepts to support the medication process.",
  "caseSensitive": true,
  "valueSet": "http://hl7.org/fhir/ValueSet/reason-medication-given-codes",
  "content": "complete",
  "concept": [
    {
      "code": "a",
      "display": "None",
      "definition": "No reason known."
    },
    {
      "code": "b",
      "display": "Given as Ordered",
      "definition": "The administration was following an ordered protocol."
    },
    {
      "code": "c",
      "display": "Emergency",
      "definition": "The administration was needed to treat an emergency."
    }
  ]
}