{
  "resourceType": "CodeSystem",
  "id": "service-modifiers",
  "meta": {
    "lastUpdated": "2019-11-01T09:29:23.356+11:00",
    "profile": [
      "http://hl7.org/fhir/StructureDefinition/shareablecodesystem"
    ]
  },
  "text": {
    "status": "generated",
    "div": "\u003cdiv xmlns\u003d\"http://www.w3.org/1999/xhtml\"\u003e\u003ch2\u003eExample Service Modifier Codes\u003c/h2\u003e\u003cdiv\u003e\u003cp\u003eThis value set includes sample Service Modifier codes which may support differential payment.\u003c/p\u003e\n\u003c/div\u003e\u003cp\u003e\u003cb\u003eCopyright Statement:\u003c/b\u003e\u003c/p\u003e\u003cdiv\u003e\u003cp\u003eThis is an example set.\u003c/p\u003e\n\u003c/div\u003e\u003cp\u003eThis code system http://hl7.org/fhir/ex-servicemodifier defines the following codes:\u003c/p\u003e\u003ctable class\u003d\"codes\"\u003e\u003ctr\u003e\u003ctd style\u003d\"white-space:nowrap\"\u003e\u003cb\u003eCode\u003c/b\u003e\u003c/td\u003e\u003ctd\u003e\u003cb\u003eDisplay\u003c/b\u003e\u003c/td\u003e\u003ctd\u003e\u003cb\u003eDefinition\u003c/b\u003e\u003c/td\u003e\u003c/tr\u003e\u003ctr\u003e\u003ctd style\u003d\"white-space:nowrap\"\u003esr\u003ca name\u003d\"service-modifiers-sr\"\u003e \u003c/a\u003e\u003c/td\u003e\u003ctd\u003eSide of the Road\u003c/td\u003e\u003ctd\u003eServices provided on the side of the road or such other non-conventional setting.\u003c/td\u003e\u003c/tr\u003e\u003ctr\u003e\u003ctd style\u003d\"white-space:nowrap\"\u003eah\u003ca name\u003d\"service-modifiers-ah\"\u003e \u003c/a\u003e\u003c/td\u003e\u003ctd\u003eAfter hours\u003c/td\u003e\u003ctd\u003eServices provided outside or normal business hours.\u003c/td\u003e\u003c/tr\u003e\u003c/table\u003e\u003c/div\u003e"
  },
  "url": "http://hl7.org/fhir/ex-servicemodifier",
  "identifier": [
    {
      "system": "urn:ietf:rfc:3986",
      "value": "urn:oid:2.16.840.1.113883.4.642.4.573"
    }
  ],
  "version": "4.0.1",
  "name": "ExampleServiceModifierCodes",
  "title": "Example Service Modifier Codes",
  "status": "draft",
  "experimental": false,
  "publisher": "Financial Management",
  "contact": [
    {
      "telecom": [
        {
          "system": "url",
          "value": "http://hl7.org/fhir"
        }
      ]
    }
  ],
  "description": "This value set includes sample Service Modifier codes which may support differential payment.",
  "copyright": "This is an example set.",
  "caseSensitive": true,
  "valueSet": "http://hl7.org/fhir/ValueSet/service-modifiers",
  "content": "complete",
  "concept": [
    {
      "code": "sr",
      "display": "Side of the Road",
      "definition": "Services provided on the side of the road or such other non-conventional setting."
    },
    {
      "code": "ah",
      "display": "After hours",
      "definition": "Services provided outside or normal business hours."
    }
  ]
}