{
  "resourceType": "CodeSystem",
  "id": "question-max-occurs",
  "meta": {
    "lastUpdated": "2019-11-01T09:29:23.356+11:00"
  },
  "text": {
    "status": "generated",
    "div": "\u003cdiv xmlns\u003d\"http://www.w3.org/1999/xhtml\"\u003e\u003ch2\u003eMaxOccurs\u003c/h2\u003e\u003cdiv\u003e\u003cp\u003eFlags an element as having unlimited repetitions.\u003c/p\u003e\n\u003c/div\u003e\u003cp\u003eThis code system http://terminology.hl7.org/CodeSystem/question-max-occurs defines the following codes:\u003c/p\u003e\u003ctable class\u003d\"codes\"\u003e\u003ctr\u003e\u003ctd style\u003d\"white-space:nowrap\"\u003e\u003cb\u003eCode\u003c/b\u003e\u003c/td\u003e\u003ctd\u003e\u003cb\u003eDisplay\u003c/b\u003e\u003c/td\u003e\u003ctd\u003e\u003cb\u003eDefinition\u003c/b\u003e\u003c/td\u003e\u003c/tr\u003e\u003ctr\u003e\u003ctd style\u003d\"white-space:nowrap\"\u003e*\u003ca name\u003d\"question-max-occurs-.42\"\u003e \u003c/a\u003e\u003c/td\u003e\u003ctd\u003eRepeating\u003c/td\u003e\u003ctd\u003eElement can repeat an unlimited number of times.\u003c/td\u003e\u003c/tr\u003e\u003c/table\u003e\u003c/div\u003e"
  },
  "url": "http://terminology.hl7.org/CodeSystem/question-max-occurs",
  "identifier": [
    {
      "system": "urn:ietf:rfc:3986",
      "value": "urn:oid:2.16.840.1.113883.4.642.4.1272"
    }
  ],
  "version": "4.0.1",
  "name": "MaxOccurs",
  "title": "MaxOccurs",
  "status": "draft",
  "experimental": false,
  "date": "2019-11-01T09:29:23+11:00",
  "publisher": "HL7 (FHIR Project)",
  "contact": [
    {
      "telecom": [
        {
          "system": "url",
          "value": "http://hl7.org/fhir"
        },
        {
          "system": "email",
          "value": "fhir@lists.hl7.org"
        }
      ]
    }
  ],
  "description": "Flags an element as having unlimited repetitions.",
  "caseSensitive": true,
  "valueSet": "http://hl7.org/fhir/ValueSet/question-max-occurs",
  "content": "complete",
  "concept": [
    {
      "code": "*",
      "display": "Repeating",
      "definition": "Element can repeat an unlimited number of times."
    }
  ]
}