{
  "resourceType": "CodeSystem",
  "id": "variable-type",
  "meta": {
    "lastUpdated": "2019-11-01T09:29:23.356+11:00"
  },
  "text": {
    "status": "generated",
    "div": "\u003cdiv xmlns\u003d\"http://www.w3.org/1999/xhtml\"\u003e\u003ch2\u003eEvidenceVariableType\u003c/h2\u003e\u003cdiv\u003e\u003cp\u003eThe possible types of variables for exposures or outcomes (E.g. Dichotomous, Continuous, Descriptive).\u003c/p\u003e\n\u003c/div\u003e\u003cp\u003eThis code system http://hl7.org/fhir/variable-type defines the following codes:\u003c/p\u003e\u003ctable class\u003d\"codes\"\u003e\u003ctr\u003e\u003ctd style\u003d\"white-space:nowrap\"\u003e\u003cb\u003eCode\u003c/b\u003e\u003c/td\u003e\u003ctd\u003e\u003cb\u003eDisplay\u003c/b\u003e\u003c/td\u003e\u003ctd\u003e\u003cb\u003eDefinition\u003c/b\u003e\u003c/td\u003e\u003c/tr\u003e\u003ctr\u003e\u003ctd style\u003d\"white-space:nowrap\"\u003edichotomous\u003ca name\u003d\"variable-type-dichotomous\"\u003e \u003c/a\u003e\u003c/td\u003e\u003ctd\u003eDichotomous\u003c/td\u003e\u003ctd\u003eThe variable is dichotomous, such as present or absent.\u003c/td\u003e\u003c/tr\u003e\u003ctr\u003e\u003ctd style\u003d\"white-space:nowrap\"\u003econtinuous\u003ca name\u003d\"variable-type-continuous\"\u003e \u003c/a\u003e\u003c/td\u003e\u003ctd\u003eContinuous\u003c/td\u003e\u003ctd\u003eThe variable is a continuous result such as a quantity.\u003c/td\u003e\u003c/tr\u003e\u003ctr\u003e\u003ctd style\u003d\"white-space:nowrap\"\u003edescriptive\u003ca name\u003d\"variable-type-descriptive\"\u003e \u003c/a\u003e\u003c/td\u003e\u003ctd\u003eDescriptive\u003c/td\u003e\u003ctd\u003eThe variable is described narratively rather than quantitatively.\u003c/td\u003e\u003c/tr\u003e\u003c/table\u003e\u003c/div\u003e"
  },
  "extension": [
    {
      "url": "http://hl7.org/fhir/StructureDefinition/structuredefinition-wg",
      "valueCode": "cds"
    },
    {
      "url": "http://hl7.org/fhir/StructureDefinition/structuredefinition-standards-status",
      "valueCode": "trial-use"
    },
    {
      "url": "http://hl7.org/fhir/StructureDefinition/structuredefinition-fmm",
      "valueInteger": 0
    }
  ],
  "url": "http://hl7.org/fhir/variable-type",
  "identifier": [
    {
      "system": "urn:ietf:rfc:3986",
      "value": "urn:oid:2.16.840.1.113883.4.642.4.1344"
    }
  ],
  "version": "4.0.1",
  "name": "EvidenceVariableType",
  "title": "EvidenceVariableType",
  "status": "draft",
  "experimental": false,
  "date": "2019-11-01T09:29:23+11:00",
  "publisher": "HL7 (FHIR Project)",
  "contact": [
    {
      "telecom": [
        {
          "system": "url",
          "value": "http://hl7.org/fhir"
        },
        {
          "system": "email",
          "value": "fhir@lists.hl7.org"
        }
      ]
    }
  ],
  "description": "The possible types of variables for exposures or outcomes (E.g. Dichotomous, Continuous, Descriptive).",
  "caseSensitive": true,
  "valueSet": "http://hl7.org/fhir/ValueSet/variable-type",
  "content": "complete",
  "concept": [
    {
      "code": "dichotomous",
      "display": "Dichotomous",
      "definition": "The variable is dichotomous, such as present or absent."
    },
    {
      "code": "continuous",
      "display": "Continuous",
      "definition": "The variable is a continuous result such as a quantity."
    },
    {
      "code": "descriptive",
      "display": "Descriptive",
      "definition": "The variable is described narratively rather than quantitatively."
    }
  ]
}