{
  "resourceType": "CodeSystem",
  "id": "risk-probability",
  "meta": {
    "lastUpdated": "2019-11-01T09:29:23.356+11:00",
    "profile": [
      "http://hl7.org/fhir/StructureDefinition/shareablecodesystem"
    ]
  },
  "text": {
    "status": "generated",
    "div": "\u003cdiv xmlns\u003d\"http://www.w3.org/1999/xhtml\"\u003e\u003ch2\u003eRisk Probability\u003c/h2\u003e\u003cdiv\u003e\u003cp\u003eCodes representing the likelihood of a particular outcome in a risk assessment.\u003c/p\u003e\n\u003c/div\u003e\u003cp\u003eThis code system http://terminology.hl7.org/CodeSystem/risk-probability defines the following codes:\u003c/p\u003e\u003ctable class\u003d\"codes\"\u003e\u003ctr\u003e\u003ctd style\u003d\"white-space:nowrap\"\u003e\u003cb\u003eCode\u003c/b\u003e\u003c/td\u003e\u003ctd\u003e\u003cb\u003eDisplay\u003c/b\u003e\u003c/td\u003e\u003ctd\u003e\u003cb\u003eDefinition\u003c/b\u003e\u003c/td\u003e\u003c/tr\u003e\u003ctr\u003e\u003ctd style\u003d\"white-space:nowrap\"\u003enegligible\u003ca name\u003d\"risk-probability-negligible\"\u003e \u003c/a\u003e\u003c/td\u003e\u003ctd\u003eNegligible likelihood\u003c/td\u003e\u003ctd\u003eThe specified outcome is exceptionally unlikely.\u003c/td\u003e\u003c/tr\u003e\u003ctr\u003e\u003ctd style\u003d\"white-space:nowrap\"\u003elow\u003ca name\u003d\"risk-probability-low\"\u003e \u003c/a\u003e\u003c/td\u003e\u003ctd\u003eLow likelihood\u003c/td\u003e\u003ctd\u003eThe specified outcome is possible but unlikely.\u003c/td\u003e\u003c/tr\u003e\u003ctr\u003e\u003ctd style\u003d\"white-space:nowrap\"\u003emoderate\u003ca name\u003d\"risk-probability-moderate\"\u003e \u003c/a\u003e\u003c/td\u003e\u003ctd\u003eModerate likelihood\u003c/td\u003e\u003ctd\u003eThe specified outcome has a reasonable likelihood of occurrence.\u003c/td\u003e\u003c/tr\u003e\u003ctr\u003e\u003ctd style\u003d\"white-space:nowrap\"\u003ehigh\u003ca name\u003d\"risk-probability-high\"\u003e \u003c/a\u003e\u003c/td\u003e\u003ctd\u003eHigh likelihood\u003c/td\u003e\u003ctd\u003eThe specified outcome is more likely to occur than not.\u003c/td\u003e\u003c/tr\u003e\u003ctr\u003e\u003ctd style\u003d\"white-space:nowrap\"\u003ecertain\u003ca name\u003d\"risk-probability-certain\"\u003e \u003c/a\u003e\u003c/td\u003e\u003ctd\u003eCertain\u003c/td\u003e\u003ctd\u003eThe specified outcome is effectively guaranteed.\u003c/td\u003e\u003c/tr\u003e\u003c/table\u003e\u003c/div\u003e"
  },
  "extension": [
    {
      "url": "http://hl7.org/fhir/StructureDefinition/structuredefinition-wg",
      "valueCode": "cds"
    },
    {
      "url": "http://hl7.org/fhir/StructureDefinition/structuredefinition-standards-status",
      "valueCode": "draft"
    },
    {
      "url": "http://hl7.org/fhir/StructureDefinition/structuredefinition-fmm",
      "valueInteger": 1
    }
  ],
  "url": "http://terminology.hl7.org/CodeSystem/risk-probability",
  "identifier": [
    {
      "system": "urn:ietf:rfc:3986",
      "value": "urn:oid:2.16.840.1.113883.4.642.4.1133"
    }
  ],
  "version": "4.0.1",
  "name": "RiskProbability",
  "title": "Risk Probability",
  "status": "draft",
  "experimental": false,
  "publisher": "FHIR Project team",
  "contact": [
    {
      "telecom": [
        {
          "system": "url",
          "value": "http://hl7.org/fhir"
        }
      ]
    }
  ],
  "description": "Codes representing the likelihood of a particular outcome in a risk assessment.",
  "caseSensitive": true,
  "valueSet": "http://hl7.org/fhir/ValueSet/risk-probability",
  "content": "complete",
  "concept": [
    {
      "code": "negligible",
      "display": "Negligible likelihood",
      "definition": "The specified outcome is exceptionally unlikely."
    },
    {
      "code": "low",
      "display": "Low likelihood",
      "definition": "The specified outcome is possible but unlikely."
    },
    {
      "code": "moderate",
      "display": "Moderate likelihood",
      "definition": "The specified outcome has a reasonable likelihood of occurrence."
    },
    {
      "code": "high",
      "display": "High likelihood",
      "definition": "The specified outcome is more likely to occur than not."
    },
    {
      "code": "certain",
      "display": "Certain",
      "definition": "The specified outcome is effectively guaranteed."
    }
  ]
}