{
  "resourceType": "CodeSystem",
  "id": "message-events",
  "meta": {
    "lastUpdated": "2019-11-01T09:29:23.356+11:00"
  },
  "text": {
    "status": "generated",
    "div": "\u003cdiv xmlns\u003d\"http://www.w3.org/1999/xhtml\"\u003e\u003ch2\u003eMessageEvent\u003c/h2\u003e\u003cdiv\u003e\u003cp\u003eOne of the message events defined as part of this version of FHIR.\u003c/p\u003e\n\u003c/div\u003e\u003cp\u003eThis code system http://hl7.org/fhir/message-events defines the following codes:\u003c/p\u003e\u003ctable class\u003d\"codes\"\u003e\u003ctr\u003e\u003ctd style\u003d\"white-space:nowrap\"\u003e\u003cb\u003eCode\u003c/b\u003e\u003c/td\u003e\u003ctd\u003e\u003cb\u003eDefinition\u003c/b\u003e\u003c/td\u003e\u003c/tr\u003e\u003c/table\u003e\u003c/div\u003e"
  },
  "extension": [
    {
      "url": "http://hl7.org/fhir/StructureDefinition/valueset-special-status",
      "valueString": "This Code System is normative - it is generated based on the information defined in this specification. The definition will remain fixed  across versions, but the actual contents will change from version to version"
    },
    {
      "url": "http://hl7.org/fhir/StructureDefinition/structuredefinition-wg",
      "valueCode": "inm"
    },
    {
      "url": "http://hl7.org/fhir/StructureDefinition/structuredefinition-standards-status",
      "valueCode": "draft"
    },
    {
      "url": "http://hl7.org/fhir/StructureDefinition/structuredefinition-fmm",
      "valueInteger": 1
    }
  ],
  "url": "http://hl7.org/fhir/message-events",
  "version": "4.0.1",
  "name": "MessageEvent",
  "title": "MessageEvent",
  "status": "active",
  "experimental": false,
  "date": "2019-11-01T09:29:23+11:00",
  "publisher": "HL7 (FHIR Project)",
  "contact": [
    {
      "telecom": [
        {
          "system": "url",
          "value": "http://hl7.org/fhir"
        },
        {
          "system": "email",
          "value": "fhir@lists.hl7.org"
        }
      ]
    }
  ],
  "description": "One of the message events defined as part of this version of FHIR.",
  "caseSensitive": true,
  "content": "complete"
}