{
  "resourceType": "CommunicationRequest",
  "id": "example",
  "text": {
    "status": "generated",
    "div": "\u003cdiv xmlns\u003d\"http://www.w3.org/1999/xhtml\"\u003eTo be filled out at a later time\u003c/div\u003e"
  },
  "status": "active",
  "subject": {
    "reference": "Patient/example"
  },
  "encounter": {
    "reference": "Encounter/example"
  },
  "meta": {
    "tag": [
      {
        "system": "http://terminology.hl7.org/CodeSystem/v3-ActReason",
        "code": "HTEST",
        "display": "test health data"
      }
    ]
  }
}