{
  "resourceType": "Condition",
  "id": "f003",
  "text": {
    "status": "generated",
    "div": "\u003cdiv xmlns\u003d\"http://www.w3.org/1999/xhtml\"\u003e\u003cp\u003e\u003cb\u003eGenerated Narrative with Details\u003c/b\u003e\u003c/p\u003e\u003cp\u003e\u003cb\u003eid\u003c/b\u003e: f003\u003c/p\u003e\u003cp\u003e\u003cb\u003eclinicalStatus\u003c/b\u003e: Active \u003cspan\u003e(Details : {http://terminology.hl7.org/CodeSystem/condition-clinical code \u0027active\u0027 \u003d \u0027Active)\u003c/span\u003e\u003c/p\u003e\u003cp\u003e\u003cb\u003everificationStatus\u003c/b\u003e: Confirmed \u003cspan\u003e(Details : {http://terminology.hl7.org/CodeSystem/condition-ver-status code \u0027confirmed\u0027 \u003d \u0027Confirmed)\u003c/span\u003e\u003c/p\u003e\u003cp\u003e\u003cb\u003ecategory\u003c/b\u003e: diagnosis \u003cspan\u003e(Details : {SNOMED CT code \u0027439401001\u0027 \u003d \u0027Diagnosis\u0027, given as \u0027diagnosis\u0027})\u003c/span\u003e\u003c/p\u003e\u003cp\u003e\u003cb\u003eseverity\u003c/b\u003e: Mild to moderate \u003cspan\u003e(Details : {SNOMED CT code \u0027371923003\u0027 \u003d \u0027Mild to moderate\u0027, given as \u0027Mild to moderate\u0027})\u003c/span\u003e\u003c/p\u003e\u003cp\u003e\u003cb\u003ecode\u003c/b\u003e: Retropharyngeal abscess \u003cspan\u003e(Details : {SNOMED CT code \u002718099001\u0027 \u003d \u0027Retropharyngeal abscess\u0027, given as \u0027Retropharyngeal abscess\u0027})\u003c/span\u003e\u003c/p\u003e\u003cp\u003e\u003cb\u003ebodySite\u003c/b\u003e: Entire retropharyngeal area \u003cspan\u003e(Details : {SNOMED CT code \u0027280193007\u0027 \u003d \u0027Retropharyngeal space\u0027, given as \u0027Entire retropharyngeal area\u0027})\u003c/span\u003e\u003c/p\u003e\u003cp\u003e\u003cb\u003esubject\u003c/b\u003e: \u003ca\u003eP. van de Heuvel\u003c/a\u003e\u003c/p\u003e\u003cp\u003e\u003cb\u003eencounter\u003c/b\u003e: \u003ca\u003eEncounter/f003\u003c/a\u003e\u003c/p\u003e\u003cp\u003e\u003cb\u003eonset\u003c/b\u003e: 27/02/2012\u003c/p\u003e\u003cp\u003e\u003cb\u003erecordedDate\u003c/b\u003e: 20/02/2012\u003c/p\u003e\u003cp\u003e\u003cb\u003easserter\u003c/b\u003e: \u003ca\u003eP. van de Heuvel\u003c/a\u003e\u003c/p\u003e\u003ch3\u003eEvidences\u003c/h3\u003e\u003ctable\u003e\u003ctr\u003e\u003ctd\u003e-\u003c/td\u003e\u003ctd\u003e\u003cb\u003eCode\u003c/b\u003e\u003c/td\u003e\u003c/tr\u003e\u003ctr\u003e\u003ctd\u003e*\u003c/td\u003e\u003ctd\u003eCT of neck \u003cspan\u003e(Details : {SNOMED CT code \u0027169068008\u0027 \u003d \u0027CT of neck\u0027, given as \u0027CT of neck\u0027})\u003c/span\u003e\u003c/td\u003e\u003c/tr\u003e\u003c/table\u003e\u003c/div\u003e"
  },
  "clinicalStatus": {
    "coding": [
      {
        "system": "http://terminology.hl7.org/CodeSystem/condition-clinical",
        "code": "active"
      }
    ]
  },
  "verificationStatus": {
    "coding": [
      {
        "system": "http://terminology.hl7.org/CodeSystem/condition-ver-status",
        "code": "confirmed"
      }
    ]
  },
  "category": [
    {
      "coding": [
        {
          "system": "http://snomed.info/sct",
          "code": "439401001",
          "display": "diagnosis"
        }
      ]
    }
  ],
  "severity": {
    "coding": [
      {
        "system": "http://snomed.info/sct",
        "code": "371923003",
        "display": "Mild to moderate"
      }
    ]
  },
  "code": {
    "coding": [
      {
        "system": "http://snomed.info/sct",
        "code": "18099001",
        "display": "Retropharyngeal abscess"
      }
    ]
  },
  "bodySite": [
    {
      "coding": [
        {
          "system": "http://snomed.info/sct",
          "code": "280193007",
          "display": "Entire retropharyngeal area"
        }
      ]
    }
  ],
  "subject": {
    "reference": "Patient/f001",
    "display": "P. van de Heuvel"
  },
  "encounter": {
    "reference": "Encounter/f003"
  },
  "onsetDateTime": "2012-02-27",
  "recordedDate": "2012-02-20",
  "asserter": {
    "reference": "Patient/f001",
    "display": "P. van de Heuvel"
  },
  "evidence": [
    {
      "code": [
        {
          "coding": [
            {
              "system": "http://snomed.info/sct",
              "code": "169068008",
              "display": "CT of neck"
            }
          ]
        }
      ]
    }
  ],
  "meta": {
    "tag": [
      {
        "system": "http://terminology.hl7.org/CodeSystem/v3-ActReason",
        "code": "HTEST",
        "display": "test health data"
      }
    ]
  }
}