{
  "resourceType": "Condition",
  "id": "f203",
  "text": {
    "status": "generated",
    "div": "\u003cdiv xmlns\u003d\"http://www.w3.org/1999/xhtml\"\u003e\u003cp\u003e\u003cb\u003eGenerated Narrative with Details\u003c/b\u003e\u003c/p\u003e\u003cp\u003e\u003cb\u003eid\u003c/b\u003e: f203\u003c/p\u003e\u003cp\u003e\u003cb\u003eclinicalStatus\u003c/b\u003e: Active \u003cspan\u003e(Details : {http://terminology.hl7.org/CodeSystem/condition-clinical code \u0027active\u0027 \u003d \u0027Active)\u003c/span\u003e\u003c/p\u003e\u003cp\u003e\u003cb\u003everificationStatus\u003c/b\u003e: Confirmed \u003cspan\u003e(Details : {http://terminology.hl7.org/CodeSystem/condition-ver-status code \u0027confirmed\u0027 \u003d \u0027Confirmed)\u003c/span\u003e\u003c/p\u003e\u003cp\u003e\u003cb\u003ecategory\u003c/b\u003e: Problem \u003cspan\u003e(Details : {SNOMED CT code \u002755607006\u0027 \u003d \u0027Problem\u0027, given as \u0027Problem\u0027}; {http://terminology.hl7.org/CodeSystem/condition-category code \u0027problem-list-item\u0027 \u003d \u0027Problem List Item)\u003c/span\u003e\u003c/p\u003e\u003cp\u003e\u003cb\u003eseverity\u003c/b\u003e: Moderate to severe \u003cspan\u003e(Details : {SNOMED CT code \u0027371924009\u0027 \u003d \u0027Moderate to severe\u0027, given as \u0027Moderate to severe\u0027})\u003c/span\u003e\u003c/p\u003e\u003cp\u003e\u003cb\u003ecode\u003c/b\u003e: Bacterial sepsis \u003cspan\u003e(Details : {SNOMED CT code \u002710001005\u0027 \u003d \u0027Bacterial septicemia\u0027, given as \u0027Bacterial sepsis\u0027})\u003c/span\u003e\u003c/p\u003e\u003cp\u003e\u003cb\u003ebodySite\u003c/b\u003e: Pulmonary vascular structure \u003cspan\u003e(Details : {SNOMED CT code \u0027281158006\u0027 \u003d \u0027Pulmonary vascular structure\u0027, given as \u0027Pulmonary vascular structure\u0027})\u003c/span\u003e\u003c/p\u003e\u003cp\u003e\u003cb\u003esubject\u003c/b\u003e: \u003ca\u003eRoel\u003c/a\u003e\u003c/p\u003e\u003cp\u003e\u003cb\u003eencounter\u003c/b\u003e: \u003ca\u003eRoel\u0027s encounter on March elevanth\u003c/a\u003e\u003c/p\u003e\u003cp\u003e\u003cb\u003eonset\u003c/b\u003e: 08/03/2013\u003c/p\u003e\u003cp\u003e\u003cb\u003erecordedDate\u003c/b\u003e: 11/03/2013\u003c/p\u003e\u003cp\u003e\u003cb\u003easserter\u003c/b\u003e: \u003ca\u003ePractitioner/f201\u003c/a\u003e\u003c/p\u003e\u003ch3\u003eEvidences\u003c/h3\u003e\u003ctable\u003e\u003ctr\u003e\u003ctd\u003e-\u003c/td\u003e\u003ctd\u003e\u003cb\u003eDetail\u003c/b\u003e\u003c/td\u003e\u003c/tr\u003e\u003ctr\u003e\u003ctd\u003e*\u003c/td\u003e\u003ctd\u003e\u003ca\u003eDiagnostic report for Roel\u0027s sepsis\u003c/a\u003e\u003c/td\u003e\u003c/tr\u003e\u003c/table\u003e\u003c/div\u003e"
  },
  "clinicalStatus": {
    "coding": [
      {
        "system": "http://terminology.hl7.org/CodeSystem/condition-clinical",
        "code": "active"
      }
    ]
  },
  "verificationStatus": {
    "coding": [
      {
        "system": "http://terminology.hl7.org/CodeSystem/condition-ver-status",
        "code": "confirmed"
      }
    ]
  },
  "category": [
    {
      "coding": [
        {
          "system": "http://snomed.info/sct",
          "code": "55607006",
          "display": "Problem"
        },
        {
          "system": "http://terminology.hl7.org/CodeSystem/condition-category",
          "code": "problem-list-item"
        }
      ]
    }
  ],
  "severity": {
    "coding": [
      {
        "system": "http://snomed.info/sct",
        "code": "371924009",
        "display": "Moderate to severe"
      }
    ]
  },
  "code": {
    "coding": [
      {
        "system": "http://snomed.info/sct",
        "code": "10001005",
        "display": "Bacterial sepsis"
      }
    ]
  },
  "bodySite": [
    {
      "coding": [
        {
          "system": "http://snomed.info/sct",
          "code": "281158006",
          "display": "Pulmonary vascular structure"
        }
      ]
    }
  ],
  "subject": {
    "reference": "Patient/f201",
    "display": "Roel"
  },
  "encounter": {
    "reference": "Encounter/f203",
    "display": "Roel\u0027s encounter on March elevanth"
  },
  "onsetDateTime": "2013-03-08",
  "recordedDate": "2013-03-11",
  "asserter": {
    "reference": "Practitioner/f201"
  },
  "evidence": [
    {
      "detail": [
        {
          "reference": "DiagnosticReport/f202",
          "display": "Diagnostic report for Roel\u0027s sepsis"
        }
      ]
    }
  ],
  "meta": {
    "tag": [
      {
        "system": "http://terminology.hl7.org/CodeSystem/v3-ActReason",
        "code": "HTEST",
        "display": "test health data"
      }
    ]
  }
}