{
  "resourceType": "Consent",
  "id": "consent-example-smartonfhir",
  "text": {
    "status": "generated",
    "div": "\u003cdiv xmlns\u003d\"http://www.w3.org/1999/xhtml\"\u003e\u003cp\u003e\u003cb\u003eGenerated Narrative with Details\u003c/b\u003e\u003c/p\u003e\u003cp\u003e\u003cb\u003eid\u003c/b\u003e: consent-example-smartonfhir\u003c/p\u003e\u003cp\u003e\u003cb\u003estatus\u003c/b\u003e: active\u003c/p\u003e\u003cp\u003e\u003cb\u003escope\u003c/b\u003e: Privacy Consent \u003cspan\u003e(Details : {http://terminology.hl7.org/CodeSystem/consentscope code \u0027patient-privacy\u0027 \u003d \u0027Privacy Consent)\u003c/span\u003e\u003c/p\u003e\u003cp\u003e\u003cb\u003ecategory\u003c/b\u003e: Patient Consent \u003cspan\u003e(Details : {LOINC code \u002759284-0\u0027 \u003d \u0027Patient Consent)\u003c/span\u003e\u003c/p\u003e\u003cp\u003e\u003cb\u003epatient\u003c/b\u003e: \u003ca\u003ePatient/xcda\u003c/a\u003e\u003c/p\u003e\u003cp\u003e\u003cb\u003edateTime\u003c/b\u003e: 23/06/2016 5:02:33 PM\u003c/p\u003e\u003cp\u003e\u003cb\u003eperformer\u003c/b\u003e: \u003ca\u003eRelatedPerson/peter\u003c/a\u003e\u003c/p\u003e\u003cp\u003e\u003cb\u003eorganization\u003c/b\u003e: \u003ca\u003eOrganization/f001\u003c/a\u003e\u003c/p\u003e\u003cp\u003e\u003cb\u003epolicyRule\u003c/b\u003e: opt-in \u003cspan\u003e(Details : {http://terminology.hl7.org/CodeSystem/v3-ActCode code \u0027OPTIN\u0027 \u003d \u0027opt-in)\u003c/span\u003e\u003c/p\u003e\u003cblockquote\u003e\u003cp\u003e\u003cb\u003eprovision\u003c/b\u003e\u003c/p\u003e\u003cp\u003e\u003cb\u003eperiod\u003c/b\u003e: 23/06/2016 5:02:33 PM --\u0026gt; 23/06/2016 5:32:33 PM\u003c/p\u003e\u003ch3\u003eProvisions\u003c/h3\u003e\u003ctable\u003e\u003ctr\u003e\u003ctd\u003e-\u003c/td\u003e\u003c/tr\u003e\u003ctr\u003e\u003ctd\u003e*\u003c/td\u003e\u003c/tr\u003e\u003c/table\u003e\u003c/blockquote\u003e\u003c/div\u003e"
  },
  "status": "active",
  "scope": {
    "coding": [
      {
        "system": "http://terminology.hl7.org/CodeSystem/consentscope",
        "code": "patient-privacy"
      }
    ]
  },
  "category": [
    {
      "coding": [
        {
          "system": "http://loinc.org",
          "code": "59284-0"
        }
      ]
    }
  ],
  "patient": {
    "reference": "Patient/xcda"
  },
  "dateTime": "2016-06-23T17:02:33+10:00",
  "performer": [
    {
      "reference": "RelatedPerson/peter"
    }
  ],
  "organization": [
    {
      "reference": "Organization/f001"
    }
  ],
  "policyRule": {
    "coding": [
      {
        "system": "http://terminology.hl7.org/CodeSystem/v3-ActCode",
        "code": "OPTIN"
      }
    ]
  },
  "provision": {
    "period": {
      "start": "2016-06-23T17:02:33+10:00",
      "end": "2016-06-23T17:32:33+10:00"
    },
    "provision": [
      {
        "type": "permit",
        "action": [
          {
            "coding": [
              {
                "system": "http://terminology.hl7.org/CodeSystem/consentaction",
                "code": "access"
              }
            ]
          }
        ],
        "class": [
          {
            "system": "http://hl7.org/fhir/resource-types",
            "code": "MedicationRequest"
          }
        ]
      }
    ]
  },
  "meta": {
    "tag": [
      {
        "system": "http://terminology.hl7.org/CodeSystem/v3-ActReason",
        "code": "HTEST",
        "display": "test health data"
      }
    ]
  }
}