{
  "resourceType": "Encounter",
  "id": "f201",
  "text": {
    "status": "generated",
    "div": "\u003cdiv xmlns\u003d\"http://www.w3.org/1999/xhtml\"\u003e\u003cp\u003e\u003cb\u003eGenerated Narrative with Details\u003c/b\u003e\u003c/p\u003e\u003cp\u003e\u003cb\u003eid\u003c/b\u003e: f201\u003c/p\u003e\u003cp\u003e\u003cb\u003eidentifier\u003c/b\u003e: Encounter_Roel_20130404 (TEMP)\u003c/p\u003e\u003cp\u003e\u003cb\u003estatus\u003c/b\u003e: finished\u003c/p\u003e\u003cp\u003e\u003cb\u003eclass\u003c/b\u003e: ambulatory (Details: http://terminology.hl7.org/CodeSystem/v3-ActCode code AMB \u003d \u0027ambulatory\u0027, stated as \u0027ambulatory\u0027)\u003c/p\u003e\u003cp\u003e\u003cb\u003etype\u003c/b\u003e: Consultation \u003cspan\u003e(Details : {SNOMED CT code \u002711429006\u0027 \u003d \u0027Consultation\u0027, given as \u0027Consultation\u0027})\u003c/span\u003e\u003c/p\u003e\u003cp\u003e\u003cb\u003epriority\u003c/b\u003e: Normal \u003cspan\u003e(Details : {SNOMED CT code \u002717621005\u0027 \u003d \u0027Normal\u0027, given as \u0027Normal\u0027})\u003c/span\u003e\u003c/p\u003e\u003cp\u003e\u003cb\u003esubject\u003c/b\u003e: \u003ca\u003eRoel\u003c/a\u003e\u003c/p\u003e\u003ch3\u003eParticipants\u003c/h3\u003e\u003ctable\u003e\u003ctr\u003e\u003ctd\u003e-\u003c/td\u003e\u003ctd\u003e\u003cb\u003eIndividual\u003c/b\u003e\u003c/td\u003e\u003c/tr\u003e\u003ctr\u003e\u003ctd\u003e*\u003c/td\u003e\u003ctd\u003e\u003ca\u003ePractitioner/f201\u003c/a\u003e\u003c/td\u003e\u003c/tr\u003e\u003c/table\u003e\u003cp\u003e\u003cb\u003ereasonCode\u003c/b\u003e: The patient had fever peaks over the last couple of days. He is worried about these peaks. \u003cspan\u003e(Details )\u003c/span\u003e\u003c/p\u003e\u003cp\u003e\u003cb\u003eserviceProvider\u003c/b\u003e: \u003ca\u003eOrganization/f201\u003c/a\u003e\u003c/p\u003e\u003c/div\u003e"
  },
  "identifier": [
    {
      "use": "temp",
      "value": "Encounter_Roel_20130404"
    }
  ],
  "status": "finished",
  "class": {
    "system": "http://terminology.hl7.org/CodeSystem/v3-ActCode",
    "code": "AMB",
    "display": "ambulatory"
  },
  "type": [
    {
      "coding": [
        {
          "system": "http://snomed.info/sct",
          "code": "11429006",
          "display": "Consultation"
        }
      ]
    }
  ],
  "priority": {
    "coding": [
      {
        "system": "http://snomed.info/sct",
        "code": "17621005",
        "display": "Normal"
      }
    ]
  },
  "subject": {
    "reference": "Patient/f201",
    "display": "Roel"
  },
  "participant": [
    {
      "individual": {
        "reference": "Practitioner/f201"
      }
    }
  ],
  "reasonCode": [
    {
      "text": "The patient had fever peaks over the last couple of days. He is worried about these peaks."
    }
  ],
  "serviceProvider": {
    "reference": "Organization/f201"
  },
  "meta": {
    "tag": [
      {
        "system": "http://terminology.hl7.org/CodeSystem/v3-ActReason",
        "code": "HTEST",
        "display": "test health data"
      }
    ]
  }
}