{
  "resourceType": "ImmunizationEvaluation",
  "id": "example",
  "text": {
    "status": "generated",
    "div": "\u003cdiv xmlns\u003d\"http://www.w3.org/1999/xhtml\"\u003e\u003cp\u003e\u003cb\u003eGenerated Narrative with Details\u003c/b\u003e\u003c/p\u003e\u003cp\u003e\u003cb\u003eid\u003c/b\u003e: example\u003c/p\u003e\u003cp\u003e\u003cb\u003eidentifier\u003c/b\u003e: urn:oid:1.3.6.1.4.1.21367.2005.3.7.1234\u003c/p\u003e\u003cp\u003e\u003cb\u003estatus\u003c/b\u003e: completed\u003c/p\u003e\u003cp\u003e\u003cb\u003epatient\u003c/b\u003e: \u003ca\u003ePatient/example\u003c/a\u003e\u003c/p\u003e\u003cp\u003e\u003cb\u003edate\u003c/b\u003e: 10/01/2013\u003c/p\u003e\u003cp\u003e\u003cb\u003eauthority\u003c/b\u003e: \u003ca\u003eOrganization/hl7\u003c/a\u003e\u003c/p\u003e\u003cp\u003e\u003cb\u003etargetDisease\u003c/b\u003e: Gestational rubella syndrome \u003cspan\u003e(Details : {SNOMED CT code \u00271857005\u0027 \u003d \u0027Gestational rubella syndrome)\u003c/span\u003e\u003c/p\u003e\u003cp\u003e\u003cb\u003eimmunizationEvent\u003c/b\u003e: \u003ca\u003eImmunization/example\u003c/a\u003e\u003c/p\u003e\u003cp\u003e\u003cb\u003edoseStatus\u003c/b\u003e: Valid \u003cspan\u003e(Details : {http://terminology.hl7.org/CodeSystem/immunization-evaluation-dose-status code \u0027valid\u0027 \u003d \u0027Valid\u0027, given as \u0027Valid\u0027})\u003c/span\u003e\u003c/p\u003e\u003cp\u003e\u003cb\u003eseries\u003c/b\u003e: Vaccination Series 1\u003c/p\u003e\u003cp\u003e\u003cb\u003edoseNumber\u003c/b\u003e: 1\u003c/p\u003e\u003cp\u003e\u003cb\u003eseriesDoses\u003c/b\u003e: 3\u003c/p\u003e\u003c/div\u003e"
  },
  "identifier": [
    {
      "system": "urn:ietf:rfc:3986",
      "value": "urn:oid:1.3.6.1.4.1.21367.2005.3.7.1234"
    }
  ],
  "status": "completed",
  "patient": {
    "reference": "Patient/example"
  },
  "date": "2013-01-10",
  "authority": {
    "reference": "Organization/hl7"
  },
  "targetDisease": {
    "coding": [
      {
        "system": "http://snomed.info/sct",
        "code": "1857005"
      }
    ]
  },
  "immunizationEvent": {
    "reference": "Immunization/example"
  },
  "doseStatus": {
    "coding": [
      {
        "system": "http://terminology.hl7.org/CodeSystem/immunization-evaluation-dose-status",
        "code": "valid",
        "display": "Valid"
      }
    ]
  },
  "series": "Vaccination Series 1",
  "doseNumberPositiveInt": 1,
  "seriesDosesPositiveInt": 3,
  "meta": {
    "tag": [
      {
        "system": "http://terminology.hl7.org/CodeSystem/v3-ActReason",
        "code": "HTEST",
        "display": "test health data"
      }
    ]
  }
}