{
  "resourceType": "Linkage",
  "id": "example",
  "text": {
    "status": "generated",
    "div": "\u003cdiv xmlns\u003d\"http://www.w3.org/1999/xhtml\"\u003e\n      \u003cp\u003e\u003cb\u003eSource:\u003c/b\u003e Condition/example - \u003ci\u003eSevere burn of left ear (Date: 24-May 2012)\u003c/i\u003e\u003c/p\u003e\n      \u003cp\u003e\u003cb\u003eAlternate:\u003c/b\u003e Condition/condition-example - \u003ci\u003eSevere burn of left ear (Date: 24-May 2012)\u003c/i\u003e\u003c/p\u003e\n    \u003c/div\u003e"
  },
  "author": {
    "reference": "Practitioner/f201"
  },
  "item": [
    {
      "type": "source",
      "resource": {
        "reference": "Condition/example",
        "display": "Severe burn of left ear (Date: 24-May 2012)"
      }
    },
    {
      "type": "alternate",
      "resource": {
        "reference": "Condition/condition-example",
        "display": "Severe burn of left ear (Date: 24-May 2012)"
      }
    }
  ],
  "meta": {
    "tag": [
      {
        "system": "http://terminology.hl7.org/CodeSystem/v3-ActReason",
        "code": "HTEST",
        "display": "test health data"
      }
    ]
  }
}