{
  "resourceType": "List",
  "id": "example-simple-empty",
  "text": {
    "status": "generated",
    "div": "\u003cdiv xmlns\u003d\"http://www.w3.org/1999/xhtml\"\u003e\n      \u003cp\u003ePatient Admission Waitoing list\u003c/p\u003e\n    \u003c/div\u003e"
  },
  "status": "current",
  "mode": "snapshot",
  "code": {
    "coding": [
      {
        "system": "http://acme.com/list-codes",
        "code": "346638",
        "display": "Patient Admission List"
      }
    ]
  },
  "date": "2016-07-14T11:54:05+10:00",
  "meta": {
    "tag": [
      {
        "system": "http://terminology.hl7.org/CodeSystem/v3-ActReason",
        "code": "HTEST",
        "display": "test health data"
      }
    ]
  }
}