{
  "resourceType": "MedicationDispense",
  "id": "meddisp0316",
  "text": {
    "status": "generated",
    "div": "\u003cdiv xmlns\u003d\"http://www.w3.org/1999/xhtml\"\u003e\u003cp\u003e\u003cb\u003eGenerated Narrative with Details\u003c/b\u003e\u003c/p\u003e\u003cp\u003e\u003cb\u003eid\u003c/b\u003e: meddisp0316\u003c/p\u003e\u003cp\u003e\u003cb\u003estatus\u003c/b\u003e: in-progress\u003c/p\u003e\u003cp\u003e\u003cb\u003emedication\u003c/b\u003e: Lantus 100 unit/ml injectable solution \u003cspan\u003e(Details : {RxNorm code \u0027285018\u0027 \u003d \u0027Lantus 100 UNT/ML Injectable Solution\u0027, given as \u0027Lantus 100 unit/ml injectable solution\u0027})\u003c/span\u003e\u003c/p\u003e\u003cp\u003e\u003cb\u003esubject\u003c/b\u003e: \u003ca\u003eDonald Duck \u003c/a\u003e\u003c/p\u003e\u003ch3\u003ePerformers\u003c/h3\u003e\u003ctable\u003e\u003ctr\u003e\u003ctd\u003e-\u003c/td\u003e\u003ctd\u003e\u003cb\u003eActor\u003c/b\u003e\u003c/td\u003e\u003c/tr\u003e\u003ctr\u003e\u003ctd\u003e*\u003c/td\u003e\u003ctd\u003e\u003ca\u003ePractitioner/f006\u003c/a\u003e\u003c/td\u003e\u003c/tr\u003e\u003c/table\u003e\u003cp\u003e\u003cb\u003eauthorizingPrescription\u003c/b\u003e: \u003ca\u003eMedicationRequest/medrx0320\u003c/a\u003e\u003c/p\u003e\u003cp\u003e\u003cb\u003etype\u003c/b\u003e: Refill - Part Fill \u003cspan\u003e(Details : {http://terminology.hl7.org/CodeSystem/v3-ActCode code \u0027RFP\u0027 \u003d \u0027Refill - Part Fill\u0027, given as \u0027Refill - Part Fill\u0027})\u003c/span\u003e\u003c/p\u003e\u003cp\u003e\u003cb\u003equantity\u003c/b\u003e: 10 ml\u003cspan\u003e (Details: UCUM code ml \u003d \u0027ml\u0027)\u003c/span\u003e\u003c/p\u003e\u003cp\u003e\u003cb\u003edaysSupply\u003c/b\u003e: 30 Day\u003cspan\u003e (Details: UCUM code d \u003d \u0027d\u0027)\u003c/span\u003e\u003c/p\u003e\u003cp\u003e\u003cb\u003ewhenPrepared\u003c/b\u003e: 25/06/2015 7:13:00 AM\u003c/p\u003e\u003cp\u003e\u003cb\u003edosageInstruction\u003c/b\u003e: \u003c/p\u003e\u003c/div\u003e"
  },
  "status": "in-progress",
  "medicationCodeableConcept": {
    "coding": [
      {
        "system": "http://www.nlm.nih.gov/research/umls/rxnorm",
        "code": "285018",
        "display": "Lantus 100 unit/ml injectable solution"
      }
    ]
  },
  "subject": {
    "reference": "Patient/pat1",
    "display": "Donald Duck "
  },
  "performer": [
    {
      "actor": {
        "reference": "Practitioner/f006"
      }
    }
  ],
  "authorizingPrescription": [
    {
      "reference": "MedicationRequest/medrx0320"
    }
  ],
  "type": {
    "coding": [
      {
        "system": "http://terminology.hl7.org/CodeSystem/v3-ActCode",
        "code": "RFP",
        "display": "Refill - Part Fill"
      }
    ]
  },
  "quantity": {
    "value": 10,
    "system": "http://unitsofmeasure.org",
    "code": "ml"
  },
  "daysSupply": {
    "value": 30,
    "unit": "Day",
    "system": "http://unitsofmeasure.org",
    "code": "d"
  },
  "whenPrepared": "2015-06-25T07:13:00+05:00",
  "dosageInstruction": [
    {
      "sequence": 1,
      "text": "20 Units SC three times daily",
      "timing": {
        "repeat": {
          "frequency": 3,
          "period": 1,
          "periodUnit": "d"
        }
      },
      "route": {
        "coding": [
          {
            "system": "http://snomed.info/sct",
            "code": "263887005",
            "display": "Subcutaneous (qualifier value)"
          }
        ]
      },
      "doseAndRate": [
        {
          "type": {
            "coding": [
              {
                "system": "http://terminology.hl7.org/CodeSystem/dose-rate-type",
                "code": "ordered",
                "display": "Ordered"
              }
            ]
          },
          "doseQuantity": {
            "value": 20,
            "unit": "U",
            "system": "http://unitsofmeasure.org",
            "code": "U"
          }
        }
      ]
    }
  ],
  "meta": {
    "tag": [
      {
        "system": "http://terminology.hl7.org/CodeSystem/v3-ActReason",
        "code": "HTEST",
        "display": "test health data"
      }
    ]
  }
}