{
  "resourceType": "MedicationRequest",
  "id": "medrx0331",
  "text": {
    "status": "generated",
    "div": "\u003cdiv xmlns\u003d\"http://www.w3.org/1999/xhtml\"\u003e\u003cp\u003e\u003cb\u003eGenerated Narrative with Details\u003c/b\u003e\u003c/p\u003e\u003cp\u003e\u003cb\u003eid\u003c/b\u003e: medrx0331\u003c/p\u003e\u003cp\u003e\u003cb\u003econtained\u003c/b\u003e: \u003c/p\u003e\u003cp\u003e\u003cb\u003eidentifier\u003c/b\u003e: 12345689 (OFFICIAL)\u003c/p\u003e\u003cp\u003e\u003cb\u003estatus\u003c/b\u003e: active\u003c/p\u003e\u003cp\u003e\u003cb\u003eintent\u003c/b\u003e: order\u003c/p\u003e\u003cp\u003e\u003cb\u003emedication\u003c/b\u003e: id: med0350; Warfarin Sodium \u003cspan\u003e(Details : {RxNorm code \u0027114194\u0027 \u003d \u0027Warfarin Sodium\u0027, given as \u0027Warfarin Sodium\u0027})\u003c/span\u003e; Oral Tablet \u003cspan\u003e(Details : {SNOMED CT code \u0027421026006\u0027 \u003d \u0027Oral tablet\u0027, given as \u0027Oral Tablet\u0027})\u003c/span\u003e\u003c/p\u003e\u003cp\u003e\u003cb\u003esubject\u003c/b\u003e: \u003ca\u003eDonald Duck\u003c/a\u003e\u003c/p\u003e\u003cp\u003e\u003cb\u003eauthoredOn\u003c/b\u003e: 15/01/2015\u003c/p\u003e\u003cp\u003e\u003cb\u003erequester\u003c/b\u003e: \u003ca\u003ePatrick Pump\u003c/a\u003e\u003c/p\u003e\u003cp\u003e\u003cb\u003edosageInstruction\u003c/b\u003e: \u003c/p\u003e\u003ch3\u003eDispenseRequests\u003c/h3\u003e\u003ctable\u003e\u003ctr\u003e\u003ctd\u003e-\u003c/td\u003e\u003ctd\u003e\u003cb\u003eValidityPeriod\u003c/b\u003e\u003c/td\u003e\u003ctd\u003e\u003cb\u003eNumberOfRepeatsAllowed\u003c/b\u003e\u003c/td\u003e\u003ctd\u003e\u003cb\u003eQuantity\u003c/b\u003e\u003c/td\u003e\u003ctd\u003e\u003cb\u003eExpectedSupplyDuration\u003c/b\u003e\u003c/td\u003e\u003c/tr\u003e\u003ctr\u003e\u003ctd\u003e*\u003c/td\u003e\u003ctd\u003e15/01/2015 --\u0026gt; 15/01/2016\u003c/td\u003e\u003ctd\u003e3\u003c/td\u003e\u003ctd\u003e30 TAB\u003cspan\u003e (Details: http://terminology.hl7.org/CodeSystem/v3-orderableDrugForm code TAB \u003d \u0027Tablet\u0027)\u003c/span\u003e\u003c/td\u003e\u003ctd\u003e30 days\u003cspan\u003e (Details: UCUM code d \u003d \u0027d\u0027)\u003c/span\u003e\u003c/td\u003e\u003c/tr\u003e\u003c/table\u003e\u003ch3\u003eSubstitutions\u003c/h3\u003e\u003ctable\u003e\u003ctr\u003e\u003ctd\u003e-\u003c/td\u003e\u003ctd\u003e\u003cb\u003eAllowed[x]\u003c/b\u003e\u003c/td\u003e\u003ctd\u003e\u003cb\u003eReason\u003c/b\u003e\u003c/td\u003e\u003c/tr\u003e\u003ctr\u003e\u003ctd\u003e*\u003c/td\u003e\u003ctd\u003etrue\u003c/td\u003e\u003ctd\u003eformulary policy \u003cspan\u003e(Details : {http://terminology.hl7.org/CodeSystem/v3-ActReason code \u0027FP\u0027 \u003d \u0027formulary policy\u0027, given as \u0027formulary policy\u0027})\u003c/span\u003e\u003c/td\u003e\u003c/tr\u003e\u003c/table\u003e\u003c/div\u003e"
  },
  "contained": [
    {
      "resourceType": "Medication",
      "id": "med0350",
      "code": {
        "coding": [
          {
            "system": "http://www.nlm.nih.gov/research/umls/rxnorm",
            "code": "114194",
            "display": "Warfarin Sodium"
          }
        ]
      },
      "form": {
        "coding": [
          {
            "system": "http://snomed.info/sct",
            "code": "421026006",
            "display": "Oral Tablet"
          }
        ]
      }
    }
  ],
  "identifier": [
    {
      "use": "official",
      "system": "http://www.bmc.nl/portal/prescriptions",
      "value": "12345689"
    }
  ],
  "status": "active",
  "intent": "order",
  "medicationReference": {
    "reference": "#med0350"
  },
  "subject": {
    "reference": "Patient/pat1",
    "display": "Donald Duck"
  },
  "authoredOn": "2015-01-15",
  "requester": {
    "reference": "Practitioner/f007",
    "display": "Patrick Pump"
  },
  "dosageInstruction": [
    {
      "sequence": 1,
      "text": "7mg once daily",
      "timing": {
        "repeat": {
          "frequency": 1,
          "period": 1,
          "periodUnit": "d"
        }
      },
      "doseAndRate": [
        {
          "type": {
            "coding": [
              {
                "system": "http://terminology.hl7.org/CodeSystem/dose-rate-type",
                "code": "ordered",
                "display": "Ordered"
              }
            ]
          },
          "doseQuantity": {
            "value": 7,
            "unit": "mg",
            "system": "http://unitsofmeasure.org",
            "code": "mg"
          }
        }
      ]
    }
  ],
  "dispenseRequest": {
    "validityPeriod": {
      "start": "2015-01-15",
      "end": "2016-01-15"
    },
    "numberOfRepeatsAllowed": 3,
    "quantity": {
      "value": 30,
      "unit": "TAB",
      "system": "http://terminology.hl7.org/CodeSystem/v3-orderableDrugForm",
      "code": "TAB"
    },
    "expectedSupplyDuration": {
      "value": 30,
      "unit": "days",
      "system": "http://unitsofmeasure.org",
      "code": "d"
    }
  },
  "substitution": {
    "allowedBoolean": true,
    "reason": {
      "coding": [
        {
          "system": "http://terminology.hl7.org/CodeSystem/v3-ActReason",
          "code": "FP",
          "display": "formulary policy"
        }
      ]
    }
  },
  "meta": {
    "tag": [
      {
        "system": "http://terminology.hl7.org/CodeSystem/v3-ActReason",
        "code": "HTEST",
        "display": "test health data"
      }
    ]
  }
}