{
  "resourceType": "MedicationStatement",
  "id": "example005",
  "text": {
    "status": "generated",
    "div": "\u003cdiv xmlns\u003d\"http://www.w3.org/1999/xhtml\"\u003e\u003cp\u003e\u003cb\u003eGenerated Narrative with Details\u003c/b\u003e\u003c/p\u003e\u003cp\u003e\u003cb\u003eid\u003c/b\u003e: example005\u003c/p\u003e\u003cp\u003e\u003cb\u003ebasedOn\u003c/b\u003e: \u003ca\u003eCarePlan/gpvisit\u003c/a\u003e\u003c/p\u003e\u003cp\u003e\u003cb\u003estatus\u003c/b\u003e: entered-in-error\u003c/p\u003e\u003cp\u003e\u003cb\u003emedication\u003c/b\u003e: Amoxicillin (product) \u003cspan\u003e(Details : {SNOMED CT code \u002727658006\u0027 \u003d \u0027p-Hydroxyampicillin\u0027, given as \u0027Amoxicillin (product)\u0027})\u003c/span\u003e\u003c/p\u003e\u003cp\u003e\u003cb\u003esubject\u003c/b\u003e: \u003ca\u003eDonald Duck\u003c/a\u003e\u003c/p\u003e\u003cp\u003e\u003cb\u003econtext\u003c/b\u003e: \u003ca\u003eEncounter/f203\u003c/a\u003e\u003c/p\u003e\u003cp\u003e\u003cb\u003eeffective\u003c/b\u003e: 23/01/2014\u003c/p\u003e\u003cp\u003e\u003cb\u003edateAsserted\u003c/b\u003e: 22/02/2015\u003c/p\u003e\u003cp\u003e\u003cb\u003einformationSource\u003c/b\u003e: \u003ca\u003eDonald Duck\u003c/a\u003e\u003c/p\u003e\u003cp\u003e\u003cb\u003enote\u003c/b\u003e: Patient indicated that they thought it was Amoxicillin they were taking but it was really Erythromycin\u003c/p\u003e\u003c/div\u003e"
  },
  "basedOn": [
    {
      "reference": "CarePlan/gpvisit"
    }
  ],
  "status": "entered-in-error",
  "medicationCodeableConcept": {
    "coding": [
      {
        "system": "http://snomed.info/sct",
        "code": "27658006",
        "display": "Amoxicillin (product)"
      }
    ]
  },
  "subject": {
    "reference": "Patient/pat1",
    "display": "Donald Duck"
  },
  "context": {
    "reference": "Encounter/f203"
  },
  "effectiveDateTime": "2014-01-23",
  "dateAsserted": "2015-02-22",
  "informationSource": {
    "reference": "Patient/pat1",
    "display": "Donald Duck"
  },
  "note": [
    {
      "text": "Patient indicated that they thought it was Amoxicillin they were taking but it was really Erythromycin"
    }
  ],
  "meta": {
    "tag": [
      {
        "system": "http://terminology.hl7.org/CodeSystem/v3-ActReason",
        "code": "HTEST",
        "display": "test health data"
      }
    ]
  }
}