{
  "resourceType": "Observation",
  "id": "eye-color",
  "text": {
    "status": "generated",
    "div": "\u003cdiv xmlns\u003d\"http://www.w3.org/1999/xhtml\"\u003e\u003cp\u003e\u003cb\u003eGenerated Narrative with Details\u003c/b\u003e\u003c/p\u003e\u003cp\u003e\u003cb\u003eid\u003c/b\u003e: eye-color\u003c/p\u003e\u003cp\u003e\u003cb\u003estatus\u003c/b\u003e: final\u003c/p\u003e\u003cp\u003e\u003cb\u003ecode\u003c/b\u003e: eye color \u003cspan\u003e(Details )\u003c/span\u003e\u003c/p\u003e\u003cp\u003e\u003cb\u003esubject\u003c/b\u003e: \u003ca\u003ePatient/example\u003c/a\u003e\u003c/p\u003e\u003cp\u003e\u003cb\u003eeffective\u003c/b\u003e: 18/05/2016\u003c/p\u003e\u003cp\u003e\u003cb\u003evalue\u003c/b\u003e: blue\u003c/p\u003e\u003c/div\u003e"
  },
  "status": "final",
  "code": {
    "text": "eye color"
  },
  "subject": {
    "reference": "Patient/example"
  },
  "effectiveDateTime": "2016-05-18",
  "valueString": "blue",
  "meta": {
    "tag": [
      {
        "system": "http://terminology.hl7.org/CodeSystem/v3-ActReason",
        "code": "HTEST",
        "display": "test health data"
      }
    ]
  }
}