{
  "resourceType": "OperationDefinition",
  "id": "Resource-meta-add",
  "text": {
    "status": "generated",
    "div": "\u003cdiv xmlns\u003d\"http://www.w3.org/1999/xhtml\"\u003e\u003ch2\u003eAdd profiles, tags, and security labels to a resource\u003c/h2\u003e\u003cp\u003eOPERATION: Add profiles, tags, and security labels to a resource\u003c/p\u003e\u003cp\u003eThe official URL for this operation definition is: \u003c/p\u003e\u003cpre\u003ehttp://hl7.org/fhir/OperationDefinition/Resource-meta-add\u003c/pre\u003e\u003cdiv\u003e\u003cp\u003eThis operation takes a meta, and adds the profiles, tags, and security labels found in it to the nominated resource\u003c/p\u003e\n\u003c/div\u003e\u003cp\u003eURL: [base]/Resource/[id]/$meta-add\u003c/p\u003e\u003cp\u003eParameters\u003c/p\u003e\u003ctable class\u003d\"grid\"\u003e\u003ctr\u003e\u003ctd\u003e\u003cb\u003eUse\u003c/b\u003e\u003c/td\u003e\u003ctd\u003e\u003cb\u003eName\u003c/b\u003e\u003c/td\u003e\u003ctd\u003e\u003cb\u003eCardinality\u003c/b\u003e\u003c/td\u003e\u003ctd\u003e\u003cb\u003eType\u003c/b\u003e\u003c/td\u003e\u003ctd\u003e\u003cb\u003eBinding\u003c/b\u003e\u003c/td\u003e\u003ctd\u003e\u003cb\u003eDocumentation\u003c/b\u003e\u003c/td\u003e\u003c/tr\u003e\u003ctr\u003e\u003ctd\u003eIN\u003c/td\u003e\u003ctd\u003emeta\u003c/td\u003e\u003ctd\u003e1..1\u003c/td\u003e\u003ctd\u003e\u003ca href\u003d\"resource.html#Meta\"\u003eMeta\u003c/a\u003e\u003c/td\u003e\u003ctd/\u003e\u003ctd\u003e\u003cdiv\u003e\u003cp\u003eProfiles, tags, and security labels to add to the existing resource. Note that profiles, tags, and security labels are sets, and duplicates are not created.  The identity of a tag or security label is the system+code. When matching existing tags during adding, version and display are ignored. For profiles, matching is based on the full URL\u003c/p\u003e\n\u003c/div\u003e\u003c/td\u003e\u003c/tr\u003e\u003ctr\u003e\u003ctd\u003eOUT\u003c/td\u003e\u003ctd\u003ereturn\u003c/td\u003e\u003ctd\u003e1..1\u003c/td\u003e\u003ctd\u003e\u003ca href\u003d\"resource.html#Meta\"\u003eMeta\u003c/a\u003e\u003c/td\u003e\u003ctd/\u003e\u003ctd\u003e\u003cdiv\u003e\u003cp\u003eResulting meta for the resource\u003c/p\u003e\n\u003c/div\u003e\u003c/td\u003e\u003c/tr\u003e\u003c/table\u003e\u003cdiv/\u003e\u003c/div\u003e"
  },
  "extension": [
    {
      "url": "http://hl7.org/fhir/StructureDefinition/structuredefinition-fmm",
      "valueInteger": 3
    },
    {
      "url": "http://hl7.org/fhir/StructureDefinition/structuredefinition-standards-status",
      "valueCode": "trial-use"
    }
  ],
  "url": "http://hl7.org/fhir/OperationDefinition/Resource-meta-add",
  "version": "4.0.1",
  "name": "Add profiles, tags, and security labels to a resource",
  "status": "draft",
  "kind": "operation",
  "date": "2019-11-01T09:29:23+11:00",
  "publisher": "HL7 (FHIR Project)",
  "contact": [
    {
      "telecom": [
        {
          "system": "url",
          "value": "http://hl7.org/fhir"
        },
        {
          "system": "email",
          "value": "fhir@lists.hl7.org"
        }
      ]
    }
  ],
  "description": "This operation takes a meta, and adds the profiles, tags, and security labels found in it to the nominated resource",
  "code": "meta-add",
  "resource": [
    "Resource"
  ],
  "system": false,
  "type": false,
  "instance": true,
  "parameter": [
    {
      "name": "meta",
      "use": "in",
      "min": 1,
      "max": "1",
      "documentation": "Profiles, tags, and security labels to add to the existing resource. Note that profiles, tags, and security labels are sets, and duplicates are not created.  The identity of a tag or security label is the system+code. When matching existing tags during adding, version and display are ignored. For profiles, matching is based on the full URL",
      "type": "Meta"
    },
    {
      "name": "return",
      "use": "out",
      "min": 1,
      "max": "1",
      "documentation": "Resulting meta for the resource",
      "type": "Meta"
    }
  ]
}