{
  "resourceType": "Practitioner",
  "id": "f203",
  "text": {
    "status": "generated",
    "div": "\u003cdiv xmlns\u003d\"http://www.w3.org/1999/xhtml\"\u003e\u003cp\u003e\u003cb\u003eGenerated Narrative with Details\u003c/b\u003e\u003c/p\u003e\u003cp\u003e\u003cb\u003eid\u003c/b\u003e: f203\u003c/p\u003e\u003cp\u003e\u003cb\u003eidentifier\u003c/b\u003e: UZI-nummer \u003d 12345678903 (OFFICIAL), BIG-nummer \u003d 12345678903 (OFFICIAL)\u003c/p\u003e\u003cp\u003e\u003cb\u003eactive\u003c/b\u003e: true\u003c/p\u003e\u003cp\u003e\u003cb\u003ename\u003c/b\u003e: Juri van Gelder(OFFICIAL)\u003c/p\u003e\u003cp\u003e\u003cb\u003etelecom\u003c/b\u003e: ph: +31715269111(WORK)\u003c/p\u003e\u003cp\u003e\u003cb\u003eaddress\u003c/b\u003e: Walvisbaai 3 Den helder 2333ZA NLD (WORK)\u003c/p\u003e\u003cp\u003e\u003cb\u003egender\u003c/b\u003e: male\u003c/p\u003e\u003cp\u003e\u003cb\u003ebirthDate\u003c/b\u003e: 20/04/1983\u003c/p\u003e\u003c/div\u003e"
  },
  "identifier": [
    {
      "use": "official",
      "type": {
        "text": "UZI-nummer"
      },
      "system": "urn:oid:2.16.528.1.1007.3.1",
      "value": "12345678903"
    },
    {
      "use": "official",
      "type": {
        "text": "BIG-nummer"
      },
      "system": "https://www.bigregister.nl/",
      "value": "12345678903"
    }
  ],
  "active": true,
  "name": [
    {
      "use": "official",
      "text": "Juri van Gelder"
    }
  ],
  "telecom": [
    {
      "system": "phone",
      "value": "+31715269111",
      "use": "work"
    }
  ],
  "address": [
    {
      "use": "work",
      "line": [
        "Walvisbaai 3"
      ],
      "city": "Den helder",
      "postalCode": "2333ZA",
      "country": "NLD"
    }
  ],
  "gender": "male",
  "birthDate": "1983-04-20",
  "meta": {
    "tag": [
      {
        "system": "http://terminology.hl7.org/CodeSystem/v3-ActReason",
        "code": "HTEST",
        "display": "test health data"
      }
    ]
  }
}