{
  "resourceType": "ServiceRequest",
  "id": "lipid",
  "text": {
    "status": "generated",
    "div": "\u003cdiv xmlns\u003d\"http://www.w3.org/1999/xhtml\"\u003e\u003cp\u003e\u003cb\u003eGenerated Narrative with Details\u003c/b\u003e\u003c/p\u003e\u003cp\u003e\u003cb\u003eid\u003c/b\u003e: lipid\u003c/p\u003e\u003cp\u003e\u003cb\u003econtained\u003c/b\u003e: , \u003c/p\u003e\u003cp\u003e\u003cb\u003eidentifier\u003c/b\u003e: Placer \u003d 2345234234234\u003c/p\u003e\u003cp\u003e\u003cb\u003estatus\u003c/b\u003e: active\u003c/p\u003e\u003cp\u003e\u003cb\u003eintent\u003c/b\u003e: original-order\u003c/p\u003e\u003cp\u003e\u003cb\u003ecode\u003c/b\u003e: Lipid Panel \u003cspan\u003e(Details : {http://acme.org/tests code \u0027LIPID\u0027 \u003d \u0027LIPID)\u003c/span\u003e\u003c/p\u003e\u003cp\u003e\u003cb\u003esubject\u003c/b\u003e: \u003ca\u003ePatient/example\u003c/a\u003e\u003c/p\u003e\u003cp\u003e\u003cb\u003eencounter\u003c/b\u003e: \u003ca\u003eEncounter/example\u003c/a\u003e\u003c/p\u003e\u003cp\u003e\u003cb\u003eoccurrence\u003c/b\u003e: 02/05/2013 4:16:00 PM\u003c/p\u003e\u003cp\u003e\u003cb\u003erequester\u003c/b\u003e: \u003ca\u003ePractitioner/example\u003c/a\u003e\u003c/p\u003e\u003cp\u003e\u003cb\u003eperformer\u003c/b\u003e: \u003ca\u003ePractitioner/f202\u003c/a\u003e\u003c/p\u003e\u003cp\u003e\u003cb\u003ereasonCode\u003c/b\u003e: Fam hx-ischem heart dis \u003cspan\u003e(Details : {ICD-9 code \u0027V173\u0027 \u003d \u0027V173\u0027, given as \u0027Fam hx-ischem heart dis\u0027})\u003c/span\u003e\u003c/p\u003e\u003cp\u003e\u003cb\u003esupportingInfo\u003c/b\u003e: Fasting status. Generated Summary: id: fasting; status: final; Fasting status - Reported \u003cspan\u003e(Details : {LOINC code \u002749541-6\u0027 \u003d \u0027Fasting status - Reported\u0027, given as \u0027Fasting status - Reported\u0027})\u003c/span\u003e; Yes \u003cspan\u003e(Details : {http://terminology.hl7.org/CodeSystem/v2-0136 code \u0027Y\u0027 \u003d \u0027Yes\u0027, given as \u0027Yes\u0027})\u003c/span\u003e\u003c/p\u003e\u003cp\u003e\u003cb\u003especimen\u003c/b\u003e: Serum specimen. Generated Summary: id: serum; 20150107-0012; Serum sample \u003cspan\u003e(Details : {SNOMED CT code \u0027119364003\u0027 \u003d \u0027Serum specimen\u0027, given as \u0027Serum sample\u0027})\u003c/span\u003e\u003c/p\u003e\u003cp\u003e\u003cb\u003enote\u003c/b\u003e: patient is afraid of needles\u003c/p\u003e\u003c/div\u003e"
  },
  "contained": [
    {
      "resourceType": "Observation",
      "id": "fasting",
      "status": "final",
      "code": {
        "coding": [
          {
            "system": "http://loinc.org",
            "code": "49541-6",
            "display": "Fasting status - Reported"
          }
        ]
      },
      "subject": {
        "reference": "Patient/example"
      },
      "valueCodeableConcept": {
        "coding": [
          {
            "system": "http://terminology.hl7.org/CodeSystem/v2-0136",
            "code": "Y",
            "display": "Yes"
          }
        ]
      }
    },
    {
      "resourceType": "Specimen",
      "id": "serum",
      "identifier": [
        {
          "system": "http://acme.org/specimens",
          "value": "20150107-0012"
        }
      ],
      "type": {
        "coding": [
          {
            "system": "http://snomed.info/sct",
            "code": "119364003",
            "display": "Serum sample"
          }
        ]
      },
      "subject": {
        "reference": "Patient/example"
      },
      "collection": {
        "collectedDateTime": "2015-08-16T06:40:17Z"
      }
    }
  ],
  "identifier": [
    {
      "type": {
        "coding": [
          {
            "system": "http://terminology.hl7.org/CodeSystem/v2-0203",
            "code": "PLAC"
          }
        ],
        "text": "Placer"
      },
      "system": "urn:oid:1.3.4.5.6.7",
      "value": "2345234234234"
    }
  ],
  "status": "active",
  "intent": "original-order",
  "code": {
    "coding": [
      {
        "system": "http://acme.org/tests",
        "code": "LIPID"
      }
    ],
    "text": "Lipid Panel"
  },
  "subject": {
    "reference": "Patient/example"
  },
  "encounter": {
    "reference": "Encounter/example"
  },
  "occurrenceDateTime": "2013-05-02T16:16:00-07:00",
  "requester": {
    "reference": "Practitioner/example"
  },
  "performer": [
    {
      "reference": "Practitioner/f202"
    }
  ],
  "reasonCode": [
    {
      "coding": [
        {
          "system": "http://hl7.org/fhir/sid/icd-9",
          "code": "V173",
          "display": "Fam hx-ischem heart dis"
        }
      ]
    }
  ],
  "supportingInfo": [
    {
      "reference": "#fasting",
      "display": "Fasting status"
    }
  ],
  "specimen": [
    {
      "reference": "#serum",
      "display": "Serum specimen"
    }
  ],
  "note": [
    {
      "text": "patient is afraid of needles"
    }
  ],
  "meta": {
    "tag": [
      {
        "system": "http://terminology.hl7.org/CodeSystem/v3-ActReason",
        "code": "HTEST",
        "display": "test health data"
      }
    ]
  }
}