{
  "resourceType": "ValueSet",
  "id": "animal-species",
  "meta": {
    "lastUpdated": "2019-11-01T09:29:23.356+11:00",
    "profile": [
      "http://hl7.org/fhir/StructureDefinition/shareablevalueset"
    ]
  },
  "text": {
    "status": "generated",
    "div": "\u003cdiv xmlns\u003d\"http://www.w3.org/1999/xhtml\"\u003e\u003ch2\u003eAnimal species\u003c/h2\u003e\u003cdiv\u003e\u003cp\u003eThis example value set defines a set of codes that can be used to indicate species of animal patients.\u003c/p\u003e\n\u003c/div\u003e\u003cp\u003e\u003cb\u003eCopyright Statement:\u003c/b\u003e\u003c/p\u003e\u003cdiv\u003e\u003cp\u003eThis resource includes content from SNOMED Clinical Terms® (SNOMED CT®) which is copyright of the International Health Terminology Standards Development Organisation (IHTSDO). Implementers of these specifications must have the appropriate SNOMED CT Affiliate license - for more information contact http://www.snomed.org/snomed-ct/get-snomed-ct or info@snomed.org\u003c/p\u003e\n\u003c/div\u003e\u003cp\u003eThis value set includes codes from the following code systems:\u003c/p\u003e\u003cul\u003e\u003cli\u003eInclude these codes as defined in \u003ca href\u003d\"http://www.snomed.org/\"\u003e\u003ccode\u003ehttp://snomed.info/sct\u003c/code\u003e\u003c/a\u003e\u003ctable class\u003d\"none\"\u003e\u003ctr\u003e\u003ctd style\u003d\"white-space:nowrap\"\u003e\u003cb\u003eCode\u003c/b\u003e\u003c/td\u003e\u003ctd\u003e\u003cb\u003eDisplay\u003c/b\u003e\u003c/td\u003e\u003c/tr\u003e\u003ctr\u003e\u003ctd\u003e\u003ca href\u003d\"http://browser.ihtsdotools.org/?perspective\u003dfull\u0026amp;conceptId1\u003d125097000\"\u003e125097000\u003c/a\u003e\u003c/td\u003e\u003ctd\u003egoat\u003c/td\u003e\u003ctd/\u003e\u003c/tr\u003e\u003ctr\u003e\u003ctd\u003e\u003ca href\u003d\"http://browser.ihtsdotools.org/?perspective\u003dfull\u0026amp;conceptId1\u003d125099002\"\u003e125099002\u003c/a\u003e\u003c/td\u003e\u003ctd\u003esheep\u003c/td\u003e\u003ctd/\u003e\u003c/tr\u003e\u003ctr\u003e\u003ctd\u003e\u003ca href\u003d\"http://browser.ihtsdotools.org/?perspective\u003dfull\u0026amp;conceptId1\u003d34618005\"\u003e34618005\u003c/a\u003e\u003c/td\u003e\u003ctd\u003ecow\u003c/td\u003e\u003ctd/\u003e\u003c/tr\u003e\u003ctr\u003e\u003ctd\u003e\u003ca href\u003d\"http://browser.ihtsdotools.org/?perspective\u003dfull\u0026amp;conceptId1\u003d425134008\"\u003e425134008\u003c/a\u003e\u003c/td\u003e\u003ctd\u003eturkey\u003c/td\u003e\u003ctd/\u003e\u003c/tr\u003e\u003ctr\u003e\u003ctd\u003e\u003ca href\u003d\"http://browser.ihtsdotools.org/?perspective\u003dfull\u0026amp;conceptId1\u003d47290002\"\u003e47290002\u003c/a\u003e\u003c/td\u003e\u003ctd\u003echicken\u003c/td\u003e\u003ctd/\u003e\u003c/tr\u003e\u003ctr\u003e\u003ctd\u003e\u003ca href\u003d\"http://browser.ihtsdotools.org/?perspective\u003dfull\u0026amp;conceptId1\u003d15778005\"\u003e15778005\u003c/a\u003e\u003c/td\u003e\u003ctd\u003egoose\u003c/td\u003e\u003ctd/\u003e\u003c/tr\u003e\u003ctr\u003e\u003ctd\u003e\u003ca href\u003d\"http://browser.ihtsdotools.org/?perspective\u003dfull\u0026amp;conceptId1\u003d396620009\"\u003e396620009\u003c/a\u003e\u003c/td\u003e\u003ctd\u003educk\u003c/td\u003e\u003ctd/\u003e\u003c/tr\u003e\u003ctr\u003e\u003ctd\u003e\u003ca href\u003d\"http://browser.ihtsdotools.org/?perspective\u003dfull\u0026amp;conceptId1\u003d388445009\"\u003e388445009\u003c/a\u003e\u003c/td\u003e\u003ctd\u003ehorse\u003c/td\u003e\u003ctd/\u003e\u003c/tr\u003e\u003ctr\u003e\u003ctd\u003e\u003ca href\u003d\"http://browser.ihtsdotools.org/?perspective\u003dfull\u0026amp;conceptId1\u003d85626006\"\u003e85626006\u003c/a\u003e\u003c/td\u003e\u003ctd\u003edonkey\u003c/td\u003e\u003ctd/\u003e\u003c/tr\u003e\u003ctr\u003e\u003ctd\u003e\u003ca href\u003d\"http://browser.ihtsdotools.org/?perspective\u003dfull\u0026amp;conceptId1\u003d132950000\"\u003e132950000\u003c/a\u003e\u003c/td\u003e\u003ctd\u003emule\u003c/td\u003e\u003ctd/\u003e\u003c/tr\u003e\u003c/table\u003e\u003c/li\u003e\u003c/ul\u003e\u003c/div\u003e"
  },
  "extension": [
    {
      "url": "http://hl7.org/fhir/StructureDefinition/structuredefinition-wg",
      "valueCode": "pa"
    }
  ],
  "url": "http://hl7.org/fhir/ValueSet/animal-species",
  "identifier": [
    {
      "system": "urn:ietf:rfc:3986",
      "value": "urn:oid:2.16.840.1.113883.4.642.3.420"
    }
  ],
  "version": "4.0.1",
  "name": "AnimalSpecies",
  "title": "Animal species",
  "status": "draft",
  "experimental": false,
  "date": "2019-11-01T09:29:23+11:00",
  "publisher": "FHIR Project team",
  "contact": [
    {
      "telecom": [
        {
          "system": "url",
          "value": "http://hl7.org/fhir"
        }
      ]
    }
  ],
  "description": "This example value set defines a set of codes that can be used to indicate species of animal patients.",
  "immutable": true,
  "copyright": "This resource includes content from SNOMED Clinical Terms® (SNOMED CT®) which is copyright of the International Health Terminology Standards Development Organisation (IHTSDO). Implementers of these specifications must have the appropriate SNOMED CT Affiliate license - for more information contact http://www.snomed.org/snomed-ct/get-snomed-ct or info@snomed.org",
  "compose": {
    "include": [
      {
        "system": "http://snomed.info/sct",
        "concept": [
          {
            "code": "125097000",
            "display": "goat"
          },
          {
            "code": "125099002",
            "display": "sheep"
          },
          {
            "code": "34618005",
            "display": "cow"
          },
          {
            "code": "425134008",
            "display": "turkey"
          },
          {
            "code": "47290002",
            "display": "chicken"
          },
          {
            "code": "15778005",
            "display": "goose"
          },
          {
            "code": "396620009",
            "display": "duck"
          },
          {
            "code": "388445009",
            "display": "horse"
          },
          {
            "code": "85626006",
            "display": "donkey"
          },
          {
            "code": "132950000",
            "display": "mule"
          }
        ]
      }
    ]
  }
}