{
  "resourceType": "ValueSet",
  "id": "immunization-status-reason",
  "meta": {
    "lastUpdated": "2019-11-01T09:29:23.356+11:00",
    "profile": [
      "http://hl7.org/fhir/StructureDefinition/shareablevalueset"
    ]
  },
  "text": {
    "status": "generated",
    "div": "\u003cdiv xmlns\u003d\"http://www.w3.org/1999/xhtml\"\u003e\u003ch2\u003eImmunization Status Reason Codes\u003c/h2\u003e\u003cdiv\u003e\u003cp\u003eThe value set to instantiate this attribute should be drawn from a terminologically robust code system that consists of or contains concepts to support describing the reason why a dose of vaccine was not administered. This value set is provided as a suggestive example.\u003c/p\u003e\n\u003c/div\u003e\u003cp\u003e\u003cb\u003eCopyright Statement:\u003c/b\u003e\u003c/p\u003e\u003cdiv\u003e\u003cp\u003eThis resource includes content from SNOMED Clinical Terms® (SNOMED CT®) which is copyright of the International Health Terminology Standards Development Organisation (IHTSDO). Implementers of these specifications must have the appropriate SNOMED CT Affiliate license - for more information contact http://www.snomed.org/snomed-ct/get-snomed-ct or info@snomed.org\u003c/p\u003e\n\u003c/div\u003e\u003cp\u003eThis value set includes codes from the following code systems:\u003c/p\u003e\u003cul\u003e\u003cli\u003eInclude these codes as defined in \u003ca href\u003d\"v3/ActReason/cs.html\"\u003e\u003ccode\u003ehttp://terminology.hl7.org/CodeSystem/v3-ActReason\u003c/code\u003e\u003c/a\u003e\u003ctable class\u003d\"none\"\u003e\u003ctr\u003e\u003ctd style\u003d\"white-space:nowrap\"\u003e\u003cb\u003eCode\u003c/b\u003e\u003c/td\u003e\u003ctd\u003e\u003cb\u003eDisplay\u003c/b\u003e\u003c/td\u003e\u003c/tr\u003e\u003ctr\u003e\u003ctd\u003e\u003ca href\u003d\"v3/ActReason/cs.html#v3-ActReason-IMMUNE\"\u003eIMMUNE\u003c/a\u003e\u003c/td\u003e\u003ctd\u003eimmunity\u003c/td\u003e\u003ctd\u003eDefinition:Testing has shown that the patient already has immunity to the agent targeted by the immunization.\u003c/td\u003e\u003c/tr\u003e\u003ctr\u003e\u003ctd\u003e\u003ca href\u003d\"v3/ActReason/cs.html#v3-ActReason-MEDPREC\"\u003eMEDPREC\u003c/a\u003e\u003c/td\u003e\u003ctd\u003emedical precaution\u003c/td\u003e\u003ctd\u003eDefinition:The patient currently has a medical condition for which the vaccine is contraindicated or for which precaution is warranted.\u003c/td\u003e\u003c/tr\u003e\u003ctr\u003e\u003ctd\u003e\u003ca href\u003d\"v3/ActReason/cs.html#v3-ActReason-OSTOCK\"\u003eOSTOCK\u003c/a\u003e\u003c/td\u003e\u003ctd\u003eproduct out of stock\u003c/td\u003e\u003ctd\u003eDefinition:There was no supply of the product on hand to perform the service.\u003c/td\u003e\u003c/tr\u003e\u003ctr\u003e\u003ctd\u003e\u003ca href\u003d\"v3/ActReason/cs.html#v3-ActReason-PATOBJ\"\u003ePATOBJ\u003c/a\u003e\u003c/td\u003e\u003ctd\u003epatient objection\u003c/td\u003e\u003ctd\u003eDefinition:The patient or their guardian objects to receiving the vaccine.\u003c/td\u003e\u003c/tr\u003e\u003c/table\u003e\u003c/li\u003e\u003cli\u003eInclude codes from \u003ca href\u003d\"http://www.snomed.org/\"\u003e\u003ccode\u003ehttp://snomed.info/sct\u003c/code\u003e\u003c/a\u003e where concept  is-a  310376006 (Immunization consent not given)\u003c/li\u003e\u003c/ul\u003e\u003c/div\u003e"
  },
  "extension": [
    {
      "url": "http://hl7.org/fhir/StructureDefinition/structuredefinition-wg",
      "valueCode": "pher"
    },
    {
      "url": "http://hl7.org/fhir/StructureDefinition/structuredefinition-standards-status",
      "valueCode": "draft"
    },
    {
      "url": "http://hl7.org/fhir/StructureDefinition/structuredefinition-fmm",
      "valueInteger": 1
    }
  ],
  "url": "http://hl7.org/fhir/ValueSet/immunization-status-reason",
  "identifier": [
    {
      "system": "urn:ietf:rfc:3986",
      "value": "urn:oid:2.16.840.1.113883.4.642.3.992"
    }
  ],
  "version": "4.0.1",
  "name": "ImmunizationStatusReasonCodes",
  "title": "Immunization Status Reason Codes",
  "status": "draft",
  "experimental": false,
  "date": "2019-11-01T09:29:23+11:00",
  "publisher": "FHIR Project team",
  "contact": [
    {
      "telecom": [
        {
          "system": "url",
          "value": "http://hl7.org/fhir"
        }
      ]
    }
  ],
  "description": "The value set to instantiate this attribute should be drawn from a terminologically robust code system that consists of or contains concepts to support describing the reason why a dose of vaccine was not administered. This value set is provided as a suggestive example.",
  "copyright": "This resource includes content from SNOMED Clinical Terms® (SNOMED CT®) which is copyright of the International Health Terminology Standards Development Organisation (IHTSDO). Implementers of these specifications must have the appropriate SNOMED CT Affiliate license - for more information contact http://www.snomed.org/snomed-ct/get-snomed-ct or info@snomed.org",
  "compose": {
    "include": [
      {
        "system": "http://terminology.hl7.org/CodeSystem/v3-ActReason",
        "concept": [
          {
            "code": "IMMUNE"
          },
          {
            "code": "MEDPREC"
          },
          {
            "code": "OSTOCK"
          },
          {
            "code": "PATOBJ"
          }
        ]
      },
      {
        "system": "http://snomed.info/sct",
        "filter": [
          {
            "property": "concept",
            "op": "is-a",
            "value": "310376006"
          }
        ]
      }
    ]
  }
}